first_name,last_name,email
Myrlene,Pfeuffer,mpfeuffer0@smh.com.au
Ferd,Stoite,fstoite1@webnode.com
Claire,Tatlow,ctatlow2@sakura.ne.jp
Steffi,Blowne,sblowne3@fastcompany.com
Reena,Oakshott,roakshott4@marriott.com
Gardie,Capon,gcapon5@google.ca
Vincents,Taggett,vtaggett6@comsenz.com
Addia,Grundwater,agrundwater7@aol.com
Ethyl,Woof,ewoof8@google.com
Ivor,Burrill,iburrill9@nhs.uk
Chaddie,Winskill,cwinskilla@cyberchimps.com
Margalo,Grafton-Herbert,mgraftonherbertb@devhub.com
Verla,Nerger,vnergerc@nifty.com
Corrine,Ayliff,cayliffd@dailymotion.com
Hinze,Kiessel,hkiessele@usnews.com
Iona,Jimmes,ijimmesf@smh.com.au
Harbert,Andreini,handreinig@aboutads.info
Berri,Castellet,bcastelleth@dion.ne.jp
Sapphire,Broadhead,sbroadheadi@parallels.com
Billy,Nuth,bnuthj@telegraph.co.uk
Skylar,Phoebe,sphoebek@statcounter.com
Aluino,Rubinov,arubinovl@yelp.com
Tammi,Ringer,tringerm@sphinn.com
Elberta,Marcos,emarcosn@hc360.com
Eddie,Lillecrop,elillecropo@bloomberg.com
Ammamaria,Frowde,afrowdep@bloglovin.com
Alford,Marfield,amarfieldq@sourceforge.net
Issiah,Decourcy,idecourcyr@cnn.com
Dorri,Furzey,dfurzeys@blogs.com
Josy,Barday,jbardayt@gmpg.org
Mada,Briggdale,mbriggdaleu@godaddy.com
Janice,Slocom,jslocomv@opera.com
Oliy,Tunbridge,otunbridgew@multiply.com
Dyanna,Baccup,dbaccupx@wired.com
Dawn,Possa,dpossay@disqus.com
Annissa,Pridding,apriddingz@house.gov
Britteny,Dunley,bdunley10@sakura.ne.jp
Bobbie,Rossant,brossant11@abc.net.au
Hermione,Spir,hspir12@flickr.com
Thom,Bazoge,tbazoge13@xrea.com
Roselin,Lavallie,rlavallie14@senate.gov
Phillipe,Coxhead,pcoxhead15@imgur.com
Georgianne,De Luna,gdeluna16@surveymonkey.com
Ulric,Shapcott,ushapcott17@linkedin.com
Kellie,Fenelow,kfenelow18@github.io
Brandice,Alphonso,balphonso19@goo.gl
Elita,Jedrys,ejedrys1a@wikimedia.org
Merola,Linder,mlinder1b@i2i.jp
Urson,Isley,uisley1c@ftc.gov
Kizzie,Peiser,kpeiser1d@zdnet.com
Dermot,Isakovic,disakovic1e@stumbleupon.com
Evita,Stode,estode1f@wordpress.com
Imogen,Pioli,ipioli1g@ucla.edu
Lesli,Donisi,ldonisi1h@technorati.com
Jerrold,Dennert,jdennert1i@blinklist.com
Glynn,Canario,gcanario1j@freewebs.com
Tobiah,Lockner,tlockner1k@jimdo.com
Nora,Popescu,npopescu1l@scientificamerican.com
Guthrey,Lassell,glassell1m@freewebs.com
Henry,Kharchinski,hkharchinski1n@ebay.com
Harmony,Rollings,hrollings1o@house.gov
Helaina,Ludford,hludford1p@opera.com
Perren,Ruckert,pruckert1q@tumblr.com
Elton,Parmenter,eparmenter1r@hubpages.com
Hermia,Donneely,hdonneely1s@mit.edu
Brantley,Mifflin,bmifflin1t@jigsy.com
Jemie,Dittson,jdittson1u@abc.net.au
Caren,Bonsall,cbonsall1v@instagram.com
Helyn,Waldram,hwaldram1w@goo.gl
Rosalynd,Descroix,rdescroix1x@bbc.co.uk
Gale,Galbraeth,ggalbraeth1y@webs.com
Valentina,Bras,vbras1z@goo.ne.jp
Charlean,Lodwick,clodwick20@narod.ru
Clementius,Scutter,cscutter21@bbb.org
Adena,Ballinghall,aballinghall22@sun.com
Rollin,Perigoe,rperigoe23@barnesandnoble.com
Cassaundra,Brimmicombe,cbrimmicombe24@google.com.br
Roxanna,McCaig,rmccaig25@dagondesign.com
Angelita,Greneham,agreneham26@about.com
Gordan,Drews,gdrews27@virginia.edu
Barney,Pointer,bpointer28@techcrunch.com
Cammy,Gingel,cgingel29@pen.io
Linnea,Mosby,lmosby2a@sbwire.com
Desi,Fluit,dfluit2b@youtu.be
Nikaniki,Goldbourn,ngoldbourn2c@howstuffworks.com
Hildagard,Mattisssen,hmattisssen2d@cargocollective.com
Sarina,Thow,sthow2e@howstuffworks.com
Rad,Cardinal,rcardinal2f@shutterfly.com
Shari,Pendlebury,spendlebury2g@arstechnica.com
Rosina,Pennicott,rpennicott2h@g.co
Loralee,Fall,lfall2i@e-recht24.de
Logan,Boulton,lboulton2j@nifty.com
Nicolai,Sivill,nsivill2k@addthis.com
Cymbre,Zanicchi,czanicchi2l@comcast.net
Martha,Greatorex,mgreatorex2m@drupal.org
Loralyn,Gebbie,lgebbie2n@msn.com
Jeane,Steagall,jsteagall2o@alexa.com
Lin,Bozier,lbozier2p@addtoany.com
Simone,ducarme,sducarme2q@fastcompany.com
Jordana,Laity,jlaity2r@forbes.com
Rachel,Hartill,rhartill2s@csmonitor.com
Valdemar,Essery,vessery2t@yolasite.com
Keary,MacCleod,kmaccleod2u@tumblr.com
Karrah,Wollaston,kwollaston2v@go.com
Emeline,Realy,erealy2w@prnewswire.com
Welch,Pescott,wpescott2x@aol.com
Morgan,Sirmon,msirmon2y@eepurl.com
Alexandrina,Kerslake,akerslake2z@mashable.com
Dagny,Volke,dvolke30@ycombinator.com
Quincy,Sporrij,qsporrij31@xrea.com
Josefa,Striker,jstriker32@godaddy.com
Rodd,Wither,rwither33@harvard.edu
Paige,Sprowson,psprowson34@bing.com
Elfrida,Keesman,ekeesman35@soup.io
Vincents,Lancaster,vlancaster36@mtv.com
Saleem,Thynne,sthynne37@senate.gov
Kyrstin,Campe,kcampe38@ft.com
Patricia,McAllaster,pmcallaster39@webeden.co.uk
Gustavus,McKerrow,gmckerrow3a@wufoo.com
Babette,Clementel,bclementel3b@hud.gov
Hilde,Bridgement,hbridgement3c@technorati.com
Harli,Biddles,hbiddles3d@wordpress.org
Lenka,Lomasna,llomasna3e@smugmug.com
Clevey,Garrold,cgarrold3f@wikispaces.com
Lorene,Messruther,lmessruther3g@stumbleupon.com
Reuven,Alleway,ralleway3h@xinhuanet.com
Tadeo,D'Acth,tdacth3i@surveymonkey.com
Kennith,Quakley,kquakley3j@photobucket.com
Urson,Peachment,upeachment3k@deliciousdays.com
Flor,Crosskill,fcrosskill3l@prlog.org
Alisun,Czajka,aczajka3m@dion.ne.jp
Donaugh,Legrand,dlegrand3n@chicagotribune.com
Ashley,Berrick,aberrick3o@dion.ne.jp
Cati,Sherred,csherred3p@cbsnews.com
Cosetta,Bygrove,cbygrove3q@discovery.com
Jean,Surcomb,jsurcomb3r@cnn.com
Stanly,Udall,sudall3s@rambler.ru
Caldwell,Janicijevic,cjanicijevic3t@scientificamerican.com
Avery,McMurthy,amcmurthy3u@qq.com
Cate,Rosas,crosas3v@intel.com
Danyelle,Possell,dpossell3w@loc.gov
Norene,Barge,nbarge3x@blogger.com
Ciel,Saffe,csaffe3y@over-blog.com
Garold,Bellord,gbellord3z@statcounter.com
Vaughn,Domino,vdomino40@abc.net.au
Evangelin,Fronczak,efronczak41@amazon.de
Reece,Prujean,rprujean42@ehow.com
Priscella,Leverich,pleverich43@biglobe.ne.jp
Rudolph,Von Salzberg,rvonsalzberg44@whitehouse.gov
Costanza,Riccio,criccio45@shop-pro.jp
Cesare,Smickle,csmickle46@gnu.org
Isahella,Vassano,ivassano47@answers.com
Georgetta,Vasyagin,gvasyagin48@squarespace.com
Pavel,Sellor,psellor49@discovery.com
Irina,Hawkey,ihawkey4a@shutterfly.com
Beilul,Bowkett,bbowkett4b@ezinearticles.com
Prince,Scinelli,pscinelli4c@bluehost.com
Nissy,Kless,nkless4d@networkadvertising.org
Layton,Giacometti,lgiacometti4e@free.fr
Darrick,Baert,dbaert4f@baidu.com
Fredrick,Solloway,fsolloway4g@nbcnews.com
Ernest,Borsnall,eborsnall4h@yelp.com
Hunter,Lamers,hlamers4i@webeden.co.uk
Sharai,Sawney,ssawney4j@rambler.ru
Kalle,Neesam,kneesam4k@etsy.com
Dena,Cotillard,dcotillard4l@live.com
Garvy,Cozzi,gcozzi4m@japanpost.jp
Kearney,Quinton,kquinton4n@ed.gov
Doris,Hurlestone,dhurlestone4o@un.org
Jacquelynn,Bauer,jbauer4p@eventbrite.com
Hugibert,Blacker,hblacker4q@jugem.jp
Byrom,Tackley,btackley4r@nyu.edu
Othelia,Paternoster,opaternoster4s@usda.gov
Judi,Jowett,jjowett4t@addtoany.com
Dell,McKinn,dmckinn4u@comsenz.com
Teresa,Whiscard,twhiscard4v@bbb.org
Timmi,Rosenblath,trosenblath4w@so-net.ne.jp
Yorker,Boadby,yboadby4x@nyu.edu
Garner,Verbrugghen,gverbrugghen4y@ted.com
Ellyn,Tamsett,etamsett4z@dropbox.com
Neilla,Aldgate,naldgate50@shinystat.com
Adriaens,Gatecliffe,agatecliffe51@dropbox.com
Jasun,McMichael,jmcmichael52@archive.org
Milena,Newman,mnewman53@spotify.com
Myrtia,Taylo,mtaylo54@forbes.com
Mariejeanne,Ransom,mransom55@apache.org
Sigfried,Karlqvist,skarlqvist56@kickstarter.com
Lorie,Simonds,lsimonds57@pinterest.com
Gabriella,Keinrat,gkeinrat58@buzzfeed.com
Lisette,Audritt,laudritt59@symantec.com
Hodge,Rickell,hrickell5a@gnu.org
Stearne,Mabbitt,smabbitt5b@sogou.com
Malinde,Kasperski,mkasperski5c@cloudflare.com
Camel,Abbie,cabbie5d@hibu.com
Anallise,Coverlyn,acoverlyn5e@thetimes.co.uk
Alaric,Charnock,acharnock5f@time.com
Darn,McKue,dmckue5g@flickr.com
Adeline,Heinig,aheinig5h@hud.gov
Lucy,Heddon,lheddon5i@toplist.cz
Violette,Ainslie,vainslie5j@cnn.com
Magda,Poundford,mpoundford5k@domainmarket.com
Tommy,Corder,tcorder5l@sciencedaily.com
Jarrad,Oakenfull,joakenfull5m@hhs.gov
Joelly,Petracci,jpetracci5n@delicious.com
Josi,Torn,jtorn5o@jugem.jp
Mirelle,Reach,mreach5p@newyorker.com
Dawna,Mioni,dmioni5q@bbb.org
Gertrud,Prigmore,gprigmore5r@nyu.edu
Lenee,Ramirez,lramirez5s@phoca.cz
Cheryl,Boynes,cboynes5t@princeton.edu
Joby,Gronous,jgronous5u@ameblo.jp
Jess,Van der Linde,jvanderlinde5v@google.cn
Lissa,Gimert,lgimert5w@odnoklassniki.ru
Celina,Scrowby,cscrowby5x@4shared.com
Loria,Matokhnin,lmatokhnin5y@sphinn.com
Niko,Brettelle,nbrettelle5z@house.gov
Foster,Klimpt,fklimpt60@marriott.com
Abdul,Romeril,aromeril61@ask.com
Carlota,Ives,cives62@com.com
Audrie,Aleksandrev,aaleksandrev63@fema.gov
Ede,Poznanski,epoznanski64@amazonaws.com
Adriaens,Ragsdall,aragsdall65@mail.ru
Lenka,Cocking,lcocking66@yale.edu
Kate,Lindenberg,klindenberg67@oakley.com
Marcie,Bythway,mbythway68@t-online.de
North,Greensted,ngreensted69@wordpress.org
Brien,Sopp,bsopp6a@kickstarter.com
Charla,Utridge,cutridge6b@nba.com
Rosamond,Robens,rrobens6c@mit.edu
Hyman,Blackledge,hblackledge6d@webs.com
Cassondra,Dell Casa,cdellcasa6e@reuters.com
Kingsley,Juniper,kjuniper6f@java.com
Fania,Crossingham,fcrossingham6g@umich.edu
Netti,Bondesen,nbondesen6h@blogs.com
Karole,Restill,krestill6i@usa.gov
Jacklin,Rait,jrait6j@statcounter.com
Brennan,Loade,bloade6k@blogger.com
Francklin,Heinsius,fheinsius6l@facebook.com
Aida,Scurrey,ascurrey6m@indiegogo.com
Betteann,Ratray,bratray6n@prnewswire.com
Nadiya,Jewis,njewis6o@paginegialle.it
Gabbi,Pescud,gpescud6p@columbia.edu
Damien,Van Waadenburg,dvanwaadenburg6q@mayoclinic.com
Elga,Manketell,emanketell6r@independent.co.uk
Codi,McBrady,cmcbrady6s@va.gov
Aurie,Beedle,abeedle6t@lycos.com
Osmund,Hastings,ohastings6u@reddit.com
Willie,Fitchen,wfitchen6v@mayoclinic.com
Emilio,Rays,erays6w@examiner.com
Amargo,Loude,aloude6x@cam.ac.uk
Jamil,Keford,jkeford6y@hud.gov
Tod,Chatband,tchatband6z@dropbox.com
Lewes,Schukraft,lschukraft70@time.com
Walden,Redish,wredish71@fc2.com
Martguerita,Gamon,mgamon72@newsvine.com
Helaina,Shepherdson,hshepherdson73@bloglovin.com
Lambert,Swaite,lswaite74@apple.com
Merle,Izakoff,mizakoff75@sogou.com
Gardiner,Guilfoyle,gguilfoyle76@networksolutions.com
Nathalia,Paynton,npaynton77@arstechnica.com
Jameson,Bach,jbach78@latimes.com
Roanna,Royle,rroyle79@npr.org
Diann,Luddy,dluddy7a@adobe.com
Fannie,Collum,fcollum7b@un.org
Augusta,Becom,abecom7c@techcrunch.com
Donnajean,Mauro,dmauro7d@epa.gov
Rudolph,Yeandel,ryeandel7e@cocolog-nifty.com
Wilmette,Pavis,wpavis7f@ucoz.com
Jordon,Causey,jcausey7g@timesonline.co.uk
Torrin,Matcham,tmatcham7h@mozilla.org
Agretha,Derle,aderle7i@imgur.com
Mellie,Fydo,mfydo7j@apple.com
Kay,Hearons,khearons7k@cmu.edu
Greg,Muffett,gmuffett7l@123-reg.co.uk
Radcliffe,Skirving,rskirving7m@ted.com
Goldy,Falkner,gfalkner7n@fastcompany.com
Isidore,Marsy,imarsy7o@state.gov
Ottilie,Whight,owhight7p@ucoz.com
Lauryn,Klimt,lklimt7q@theguardian.com
Kingston,MacAnespie,kmacanespie7r@sciencedaily.com
Anne,Langham,alangham7s@ucla.edu
Lou,Bosche,lbosche7t@jimdo.com
Goober,Barrott,gbarrott7u@google.ca
Kariotta,Yoslowitz,kyoslowitz7v@blogspot.com
Ellery,Sprules,esprules7w@usgs.gov
Adrienne,Krysztofowicz,akrysztofowicz7x@statcounter.com
Karlie,Epine,kepine7y@csmonitor.com
Huntington,Northrop,hnorthrop7z@economist.com
Borg,MacKimmie,bmackimmie80@imageshack.us
Yoko,Hagley,yhagley81@yahoo.com
Sherlocke,Spencook,sspencook82@ucsd.edu
Zora,Pietzner,zpietzner83@google.es
Durand,Laurencot,dlaurencot84@desdev.cn
Mirabel,Prazor,mprazor85@usa.gov
Gussi,Cribbin,gcribbin86@cdc.gov
Iorgo,Western,iwestern87@wikipedia.org
Aaron,Bearblock,abearblock88@marriott.com
Dalila,Swoffer,dswoffer89@amazon.de
Reuven,Hunte,rhunte8a@mapy.cz
Phillie,Bartoshevich,pbartoshevich8b@fastcompany.com
Rodd,Waterfall,rwaterfall8c@purevolume.com
Veradis,Fairtlough,vfairtlough8d@prlog.org
Del,Kale,dkale8e@altervista.org
Marven,Mundee,mmundee8f@t.co
Robinia,Dobkin,rdobkin8g@springer.com
Kirsti,Cupitt,kcupitt8h@nasa.gov
Ron,Guilbert,rguilbert8i@va.gov
Josepha,Tonry,jtonry8j@symantec.com
Dermot,Carryer,dcarryer8k@zdnet.com
Avictor,Milbourne,amilbourne8l@so-net.ne.jp
Gratia,Leyburn,gleyburn8m@alibaba.com
Roxane,Janisson,rjanisson8n@amazon.com
Alfredo,Fendt,afendt8o@discovery.com
Shana,Sibille,ssibille8p@typepad.com
Fonz,McQuilty,fmcquilty8q@craigslist.org
Ailee,Gheraldi,agheraldi8r@rakuten.co.jp
Georgiana,Carmichael,gcarmichael8s@de.vu
Eb,Camblin,ecamblin8t@ox.ac.uk
Kyle,Danby,kdanby8u@fema.gov
Rosemarie,Ready,rready8v@google.pl
Lacy,McLagan,lmclagan8w@ocn.ne.jp
Haley,Emmer,hemmer8x@narod.ru
Diena,Paddock,dpaddock8y@senate.gov
Rowan,Ingles,ringles8z@constantcontact.com
Gwennie,Helder,ghelder90@kickstarter.com
Dionisio,Moral,dmoral91@infoseek.co.jp
Fraze,Speare,fspeare92@wordpress.org
Fidelity,Done,fdone93@last.fm
Dorie,Balmadier,dbalmadier94@a8.net
Murray,Eskriett,meskriett95@scientificamerican.com
Brendan,Diess,bdiess96@nps.gov
Tad,Dyche,tdyche97@nhs.uk
Barney,Crinidge,bcrinidge98@reddit.com
Fredek,Eates,feates99@google.cn
Sebastien,Fontell,sfontell9a@walmart.com
Zacharia,Keig,zkeig9b@over-blog.com
Herold,Grigson,hgrigson9c@networksolutions.com
Cedric,Demare,cdemare9d@cbslocal.com
Gilles,Krahl,gkrahl9e@redcross.org
Ansley,Fleetham,afleetham9f@github.io
Tessi,Girardin,tgirardin9g@creativecommons.org
Serene,Leagas,sleagas9h@is.gd
Lucy,Chaney,lchaney9i@theatlantic.com
Rorke,Sutton,rsutton9j@hp.com
Bettine,Measen,bmeasen9k@fc2.com
Hobart,Summerskill,hsummerskill9l@yahoo.com
Jaimie,Duly,jduly9m@imageshack.us
Putnem,Petticrew,ppetticrew9n@senate.gov
Herc,Heaton,hheaton9o@wsj.com
Emmalynn,McCann,emccann9p@disqus.com
Currey,Moorey,cmoorey9q@google.ca
Matty,O'Hickey,mohickey9r@statcounter.com
Alika,Riepel,ariepel9s@house.gov
Hanny,Drynan,hdrynan9t@mozilla.com
Elissa,Foley,efoley9u@github.io
Meghann,Ramey,mramey9v@sfgate.com
Susanetta,Lush,slush9w@lycos.com
Sherwin,Castelow,scastelow9x@spiegel.de
Pooh,McCobb,pmccobb9y@msn.com
Kassi,Heinz,kheinz9z@pbs.org
Nelia,Swash,nswasha0@irs.gov
Verney,Gore,vgorea1@utexas.edu
Wald,Spikings,wspikingsa2@who.int
Lucio,Hukins,lhukinsa3@123-reg.co.uk
Cindelyn,Stile,cstilea4@cnet.com
Pieter,Gilffillan,pgilffillana5@state.tx.us
Meridith,Showers,mshowersa6@reference.com
Dall,Corhard,dcorharda7@people.com.cn
Lannie,Dixcee,ldixceea8@theatlantic.com
Kalil,Soots,ksootsa9@yale.edu
Lonny,Tatlock,ltatlockaa@tamu.edu
Donalt,Plowes,dplowesab@microsoft.com
Cariotta,Alesi,calesiac@cnbc.com
Miranda,Colthard,mcolthardad@nsw.gov.au
Ailis,Easom,aeasomae@123-reg.co.uk
Arlen,Byass,abyassaf@rambler.ru
Garvy,Shoorbrooke,gshoorbrookeag@furl.net
Demetre,Siggin,dsigginah@google.com
Cesar,Burwood,cburwoodai@flavors.me
Ginnie,Dockree,gdockreeaj@quantcast.com
Scotty,McCoid,smccoidak@comcast.net
Fania,Hamper,fhamperal@smugmug.com
Codi,Abernethy,cabernethyam@google.com.au
Pammie,Torregiani,ptorregianian@irs.gov
Mohandis,Danilenko,mdanilenkoao@e-recht24.de
Kare,Corner,kcornerap@oracle.com
Tirrell,Farthing,tfarthingaq@51.la
Emery,Wewell,ewewellar@photobucket.com
Willie,Cullity,wcullityas@seesaa.net
Maggi,Lebell,mlebellat@ehow.com
Edward,Turford,eturfordau@paypal.com
Lyle,Sommerville,lsommervilleav@sogou.com
Miller,Cutcliffe,mcutcliffeaw@discovery.com
Rebecka,Pyle,rpyleax@tinyurl.com
Micaela,Rangeley,mrangeleyay@jugem.jp
Luciana,Brocking,lbrockingaz@about.com
Paul,Beebee,pbeebeeb0@netlog.com
Sheffy,Geeson,sgeesonb1@dedecms.com
Carma,Meran,cmeranb2@angelfire.com
Leif,Asken,laskenb3@rediff.com
Lillian,Worsam,lworsamb4@baidu.com
Percival,Frankham,pfrankhamb5@unesco.org
Camey,Street,cstreetb6@ezinearticles.com
Donny,Gueinn,dgueinnb7@wix.com
Baldwin,Whitemarsh,bwhitemarshb8@china.com.cn
Allyn,Levay,alevayb9@chicagotribune.com
Noble,Sillars,nsillarsba@forbes.com
Mirabella,Simoncello,msimoncellobb@washington.edu
Tonie,Copozio,tcopoziobc@mashable.com
Cathrine,Arnoll,carnollbd@statcounter.com
Ingrim,Meekin,imeekinbe@cnet.com
Tonya,Letteresse,tletteressebf@huffingtonpost.com
Dorisa,Elphey,delpheybg@paginegialle.it
Dell,Ondra,dondrabh@dot.gov
Suzanne,Horbart,shorbartbi@ycombinator.com
Zahara,Hallybone,zhallybonebj@last.fm
Angil,Paddington,apaddingtonbk@java.com
Fowler,Heineke,fheinekebl@eventbrite.com
Mariann,Farquhar,mfarquharbm@yolasite.com
Robby,Duran,rduranbn@mapy.cz
Roseline,McCadden,rmccaddenbo@cargocollective.com
Zelda,Coate,zcoatebp@cafepress.com
Abby,Dinnis,adinnisbq@amazon.de
Cinda,Martinovsky,cmartinovskybr@foxnews.com
Jessalyn,Gillie,jgilliebs@dedecms.com
Maisie,Marden,mmardenbt@cloudflare.com
Jamison,Bonus,jbonusbu@wordpress.com
Michaelina,Twallin,mtwallinbv@istockphoto.com
Ange,Shovell,ashovellbw@theguardian.com
Agathe,Moring,amoringbx@unicef.org
Matthaeus,Bywater,mbywaterby@exblog.jp
Cal,MacCrackan,cmaccrackanbz@mozilla.org
Vally,Briddock,vbriddockc0@nih.gov
Gasparo,Henrichsen,ghenrichsenc1@thetimes.co.uk
Dniren,Crocetto,dcrocettoc2@webs.com
Dody,Wardesworth,dwardesworthc3@patch.com
Godwin,Daish,gdaishc4@thetimes.co.uk
Elaina,Jerromes,ejerromesc5@jigsy.com
Arlyn,Chaise,achaisec6@spiegel.de
Bryanty,Cometson,bcometsonc7@acquirethisname.com
Jodee,Cunniffe,jcunniffec8@zimbio.com
Jennette,Chyuerton,jchyuertonc9@prnewswire.com
Page,Wallice,pwalliceca@mtv.com
Deanne,Domenico,ddomenicocb@amazonaws.com
Simmonds,Furneaux,sfurneauxcc@phpbb.com
Inge,Pancost,ipancostcd@webmd.com
Keene,Stile,kstilece@nymag.com
Ambros,Lunny,alunnycf@scribd.com
Brent,Berg,bbergcg@apple.com
Gorden,Wheelton,gwheeltonch@mapy.cz
Codee,Ainsbury,cainsburyci@tripod.com
Skyler,Reside,sresidecj@pen.io
Herschel,Wrist,hwristck@kickstarter.com
Dionisio,Longstaffe,dlongstaffecl@smugmug.com
Fredericka,Caffrey,fcaffreycm@furl.net
Kettie,Jermy,kjermycn@csmonitor.com
Ulrikaumeko,Turfin,uturfinco@vimeo.com
Clara,Bare,cbarecp@storify.com
Judye,Pullan,jpullancq@icq.com
Esme,Higgonet,ehiggonetcr@myspace.com
Geno,Allin,gallincs@example.com
Clemmy,Hullins,chullinsct@washingtonpost.com
Esta,Hendrix,ehendrixcu@facebook.com
Hephzibah,Gentery,hgenterycv@cnn.com
Winthrop,Barreau,wbarreaucw@eepurl.com
Hildegarde,Foyston,hfoystoncx@statcounter.com
Yancey,MacTerrelly,ymacterrellycy@ebay.com
Daryn,Killshaw,dkillshawcz@istockphoto.com
Juliane,Moresby,jmoresbyd0@soup.io
Shay,Hindhaugh,shindhaughd1@scribd.com
Winnie,Gleeson,wgleesond2@alibaba.com
Henrie,Comerford,hcomerfordd3@berkeley.edu
Katerina,Skuce,kskuced4@google.es
Lyn,Stearndale,lstearndaled5@naver.com
Mirelle,Perritt,mperrittd6@redcross.org
Thacher,O'Gready,togreadyd7@flavors.me
Donny,Pilbeam,dpilbeamd8@etsy.com
Hazel,Woodyer,hwoodyerd9@omniture.com
Lotti,Lyttle,llyttleda@army.mil
Artemus,Fippe,afippedb@technorati.com
Marnia,Mixter,mmixterdc@sogou.com
Tamarra,Menloe,tmenloedd@time.com
Prinz,Manston,pmanstonde@parallels.com
Zeke,Zanolli,zzanollidf@biblegateway.com
Aretha,Paddick,apaddickdg@pbs.org
Jojo,Miner,jminerdh@opera.com
Karlan,Starking,kstarkingdi@sina.com.cn
Blanche,Aleswell,baleswelldj@army.mil
Aindrea,Abrahamson,aabrahamsondk@latimes.com
Camilla,Bishop,cbishopdl@smugmug.com
Charo,Ditch,cditchdm@wordpress.org
Jorry,Danit,jdanitdn@nationalgeographic.com
Glynda,Peotz,gpeotzdo@jalbum.net
Ulrica,Coldtart,ucoldtartdp@feedburner.com
Billi,Yann,byanndq@un.org
Carmela,Thorouggood,cthorouggooddr@ycombinator.com
Tara,Brimley,tbrimleyds@sourceforge.net
Eveleen,Antonoczyk,eantonoczykdt@icio.us
Jae,Ferneley,jferneleydu@trellian.com
Rycca,Drexel,rdrexeldv@loc.gov
Toby,Spurryer,tspurryerdw@uol.com.br
Bridie,Gwilt,bgwiltdx@blog.com
Antonietta,Hamlin,ahamlindy@reverbnation.com
Elise,Holworth,eholworthdz@independent.co.uk
Damien,Gemmell,dgemmelle0@microsoft.com
Johnna,Avrasin,javrasine1@techcrunch.com
Daphna,O'Deegan,dodeegane2@google.com.br
Edie,Kobisch,ekobische3@dyndns.org
Vasilis,Yakunkin,vyakunkine4@indiatimes.com
Suzanne,Halleday,shalledaye5@imageshack.us
Em,Rivallant,erivallante6@reverbnation.com
Kain,Scholfield,kscholfielde7@netvibes.com
Georgine,Baldinotti,gbaldinottie8@shinystat.com
Homere,Redsell,hredselle9@typepad.com
Christos,Cossentine,ccossentineea@friendfeed.com
Lonnie,Zumbusch,lzumbuscheb@indiatimes.com
Dario,Gergler,dgerglerec@paypal.com
Gloria,Cornil,gcorniled@amazon.co.jp
Marlena,Amoss,mamossee@moonfruit.com
Adrea,Ogers,aogersef@examiner.com
Peadar,Canedo,pcanedoeg@t-online.de
Betta,Sprosson,bsprossoneh@jiathis.com
Terrel,Illingsworth,tillingsworthei@yellowbook.com
Coral,McDyer,cmcdyerej@dyndns.org
Travers,Castiglione,tcastiglioneek@usda.gov
Rikki,Cicullo,rciculloel@pcworld.com
Robbyn,Bottjer,rbottjerem@ft.com
Deloria,Aldis,daldisen@bloglines.com
Madelina,Grigoire,mgrigoireeo@mtv.com
Bryan,Kharchinski,bkharchinskiep@naver.com
Normy,MacDuffie,nmacduffieeq@ehow.com
Colette,Corradini,ccorradinier@amazon.de
Mathe,Surcombe,msurcombees@home.pl
Floyd,Colville,fcolvilleet@altervista.org
Aviva,Bohills,abohillseu@hhs.gov
Thorvald,Tewes,ttewesev@acquirethisname.com
Davidson,Dymick,ddymickew@qq.com
Kiel,Ettritch,kettritchex@w3.org
Kaia,Ranstead,kransteadey@quantcast.com
Barret,Jouannot,bjouannotez@i2i.jp
Quintin,Rigate,qrigatef0@ebay.com
Joni,Yannoni,jyannonif1@oakley.com
Cullin,Hanney,channeyf2@dedecms.com
Teriann,Moorhouse,tmoorhousef3@diigo.com
Dosi,Baistow,dbaistowf4@comsenz.com
Marie-ann,Agg,maggf5@ocn.ne.jp
Amble,Camble,acamblef6@paginegialle.it
Clim,Latimer,clatimerf7@adobe.com
Gill,Tesh,gteshf8@trellian.com
Hammad,Calbrathe,hcalbrathef9@posterous.com
Adelbert,Wick,awickfa@google.com
Nedi,Carnall,ncarnallfb@issuu.com
Alvy,Klaff,aklafffc@soup.io
Frannie,Reichert,freichertfd@jiathis.com
Jazmin,Corp,jcorpfe@nydailynews.com
Judas,Buttress,jbuttressff@usa.gov
Man,Asplin,masplinfg@blogspot.com
Keslie,Shilston,kshilstonfh@globo.com
Vernor,Bridgens,vbridgensfi@yelp.com
Annadiana,Jacob,ajacobfj@jugem.jp
Shelden,Greenshiels,sgreenshielsfk@archive.org
Lorita,Lohoar,llohoarfl@google.pl
Isac,Hammerberg,ihammerbergfm@1688.com
Darci,Allchin,dallchinfn@sohu.com
Rossy,Charity,rcharityfo@yahoo.com
Livia,Sturges,lsturgesfp@irs.gov
Ianthe,Heighway,iheighwayfq@topsy.com
Art,Serchwell,aserchwellfr@statcounter.com
Harland,Bleackley,hbleackleyfs@issuu.com
Gloriane,Hultberg,ghultbergft@shutterfly.com
Pren,Bodleigh,pbodleighfu@people.com.cn
Gilberto,Gillean,ggilleanfv@weather.com
Yolande,Buckham,ybuckhamfw@wisc.edu
Giles,Durnian,gdurnianfx@dailymotion.com
Chickie,Riceards,criceardsfy@umn.edu
Beatrisa,Robyns,brobynsfz@youku.com
Cornelius,Benham,cbenhamg0@yolasite.com
Rubina,Gavrielly,rgavriellyg1@wikia.com
Riordan,Lapere,rlapereg2@utexas.edu
Cully,Nunson,cnunsong3@craigslist.org
Erik,Lenglet,elengletg4@miibeian.gov.cn
Johan,Diggin,jdigging5@cornell.edu
Rafael,Arenson,rarensong6@jigsy.com
Isador,Lie,ilieg7@phpbb.com
Maribeth,Kimm,mkimmg8@guardian.co.uk
Lowrance,Brusby,lbrusbyg9@qq.com
Dorothee,Dalliwatr,ddalliwatrga@deviantart.com
Pauli,Mizzi,pmizzigb@scribd.com
Chad,Rylands,crylandsgc@t.co
Huntley,Gabbetis,hgabbetisgd@washingtonpost.com
Dorita,Napolitano,dnapolitanoge@hud.gov
Elsy,Gallelli,egallelligf@homestead.com
Evanne,Heap,eheapgg@chronoengine.com
Andrea,Wheaton,awheatongh@smh.com.au
Susana,Perham,sperhamgi@hhs.gov
Kathy,Chitham,kchithamgj@cloudflare.com
Yehudi,Twiggs,ytwiggsgk@wordpress.com
Sara-ann,Dimbleby,sdimblebygl@ebay.co.uk
Orly,Lucas,olucasgm@yandex.ru
Karisa,Muzzini,kmuzzinign@tinyurl.com
Dulcia,Lynagh,dlynaghgo@cdbaby.com
Elna,Oleszkiewicz,eoleszkiewiczgp@freewebs.com
Tildie,Harbidge,tharbidgegq@friendfeed.com
Rodolphe,Cullrford,rcullrfordgr@bigcartel.com
Obed,Ogus,oogusgs@e-recht24.de
Nata,Rentoll,nrentollgt@surveymonkey.com
Min,Breckin,mbreckingu@usgs.gov
Alecia,Marler,amarlergv@netvibes.com
Luke,Newland,lnewlandgw@rediff.com
Roderic,Lindenfeld,rlindenfeldgx@parallels.com
Elwood,Bosse,ebossegy@businessweek.com
Cleo,Sink,csinkgz@prweb.com
Lebbie,Manchett,lmanchetth0@reuters.com
Faustina,Braun,fbraunh1@github.io
Cathee,Tixall,ctixallh2@washington.edu
Alyss,Upham,auphamh3@pcworld.com
Harper,Despenser,hdespenserh4@forbes.com
Isac,Moyers,imoyersh5@engadget.com
Hillie,Giovannacc@i,hgiovannaccih6@si.edu
Arri,Mathewson,amathewsonh7@amazon.co.uk
Stephanie,MacKimm,smackimmh8@google.ca
Neysa,Sifleet,nsifleeth9@bravesites.com
Kynthia,Spirritt,kspirrittha@ftc.gov
Anastassia,Lasselle,alassellehb@wiley.com
Rosabel,Pietruschka,rpietruschkahc@about.com
Rivkah,Gerger,rgergerhd@aol.com
Ric,Nestor,rnestorhe@photobucket.com
Ad,Bale,abalehf@yellowpages.com
Shirlene,Greet,sgreethg@ox.ac.uk
Selena,Meddemmen,smeddemmenhh@yellowpages.com
Caddric,Sworne,cswornehi@taobao.com
Isak,Kingzet,ikingzethj@yandex.ru
Rosemonde,Cowl,rcowlhk@hp.com
Sigismondo,Jockle,sjocklehl@sciencedaily.com
Ira,Ondrousek,iondrousekhm@mac.com
Teresina,Holmyard,tholmyardhn@mapquest.com
Aubine,Ardley,aardleyho@360.cn
Malina,Weatherall,mweatherallhp@cargocollective.com
Gracie,Joplin,gjoplinhq@google.nl
Brianne,Phillput,bphillputhr@trellian.com
Colleen,Maypole,cmaypolehs@japanpost.jp
Gene,Cawthra,gcawthraht@kickstarter.com
Gerda,Anneslie,gannesliehu@webmd.com
Myrilla,Boland,mbolandhv@networksolutions.com
Donavon,Kunes,dkuneshw@facebook.com
Tessi,Danett,tdanetthx@blinklist.com
Clari,Henbury,chenburyhy@bizjournals.com
Rica,Boullin,rboullinhz@amazon.de
Juli,Mora,jmorai0@example.com
Kirsti,Challens,kchallensi1@printfriendly.com
Phylys,Louiset,plouiseti2@nps.gov
Denna,Moyse,dmoysei3@themeforest.net
Elton,Clew,eclewi4@typepad.com
Tara,Treverton,ttrevertoni5@google.pl
Patrice,Huitson,phuitsoni6@tinyurl.com
Simone,Holt,sholti7@icq.com
Laural,Stanner,lstanneri8@cisco.com
Benedetto,Pitcaithly,bpitcaithlyi9@economist.com
Michal,Zink,mzinkia@weibo.com
Hermia,Wrinch,hwrinchib@webs.com
Genna,Fearnsides,gfearnsidesic@oracle.com
Hilda,Brenstuhl,hbrenstuhlid@census.gov
My,Erangey,merangeyie@ca.gov
Barnabas,Adelman,badelmanif@themeforest.net
Bernelle,Goodsal,bgoodsalig@twitter.com
Dom,Busher,dbusherih@army.mil
Inglis,Labeuil,ilabeuilii@jimdo.com
Zabrina,Jimmison,zjimmisonij@earthlink.net
Kelsey,Sandeman,ksandemanik@yolasite.com
Hastings,Beesley,hbeesleyil@msn.com
Tamara,Baytrop,tbaytropim@blog.com
Jayme,Stubbins,jstubbinsin@privacy.gov.au
Rosella,Bernolet,rbernoletio@latimes.com
Sheelagh,Dumingos,sdumingosip@vk.com
Wilie,Corradino,wcorradinoiq@jalbum.net
Towny,Adaway,tadawayir@who.int
Susanne,Alyukin,salyukinis@fda.gov
Gloriane,Boni,gboniit@unicef.org
Harlin,Fancutt,hfancuttiu@boston.com
Clarabelle,Coggon,ccoggoniv@buzzfeed.com
Rossy,Sleeman,rsleemaniw@disqus.com
Birch,Iaduccelli,biaduccelliix@diigo.com
Caspar,Sarch,csarchiy@bizjournals.com
Huey,Lankford,hlankfordiz@washington.edu
Cristabel,Navein,cnaveinj0@comsenz.com
Edwina,Bernaldez,ebernaldezj1@springer.com
Angel,Blowing,ablowingj2@360.cn
Stace,Hellyar,shellyarj3@timesonline.co.uk
Ximenes,Turri,xturrij4@sourceforge.net
Madelyn,Jeannard,mjeannardj5@last.fm
Aldo,Aikenhead,aaikenheadj6@redcross.org
Kenny,Ticksall,kticksallj7@marriott.com
Jobie,Delos,jdelosj8@wikia.com
Beverley,Blackwell,bblackwellj9@privacy.gov.au
Kaitlin,Jorioz,kjoriozja@1und1.de
Lesly,Handaside,lhandasidejb@simplemachines.org
Carmela,Ferrarese,cferraresejc@pcworld.com
Jenny,Burghill,jburghilljd@telegraph.co.uk
Salim,Eldredge,seldredgeje@chron.com
Frans,Brand-Hardy,fbrandhardyjf@cmu.edu
Sarene,McArd,smcardjg@soundcloud.com
Sammy,Bonellie,sbonelliejh@webnode.com
Kalli,Waterland,kwaterlandji@joomla.org
Harris,Ravenshear,hravenshearjj@ebay.co.uk
Robenia,Hubbuck,rhubbuckjk@deliciousdays.com
Cassondra,Warre,cwarrejl@virginia.edu
Scottie,Charke,scharkejm@uol.com.br
Lucy,Corro,lcorrojn@google.es
Quinlan,Konrad,qkonradjo@posterous.com
Graehme,Kippax,gkippaxjp@mlb.com
Lalo,Braune,lbraunejq@sphinn.com
Charlton,Peatheyjohns,cpeatheyjohnsjr@shinystat.com
Leora,Bannerman,lbannermanjs@aboutads.info
Lauren,Beadell,lbeadelljt@amazon.com
Jemimah,Rockcliffe,jrockcliffeju@fotki.com
Jacynth,Fley,jfleyjv@amazon.co.jp
Irita,Jankovic,ijankovicjw@guardian.co.uk
Brunhilda,Cobbledick,bcobbledickjx@senate.gov
Carmon,Beneyto,cbeneytojy@phpbb.com
Lenette,Jamary,ljamaryjz@jigsy.com
Chas,Castagnasso,ccastagnassok0@deliciousdays.com
Raff,Lapere,rlaperek1@slate.com
Bernarr,Hofton,bhoftonk2@gov.uk
Ashil,Baddow,abaddowk3@surveymonkey.com
Poppy,Zienkiewicz,pzienkiewiczk4@1688.com
Selinda,Curuclis,scuruclisk5@bloglovin.com
Cornela,Grimbleby,cgrimblebyk6@tinypic.com
Adrea,Gaskal,agaskalk7@netvibes.com
Harbert,Nineham,hninehamk8@furl.net
Ranna,Krochmann,rkrochmannk9@shutterfly.com
Cory,Merveille,cmerveilleka@ihg.com
Kit,Murrill,kmurrillkb@sogou.com
Dirk,Dunkerley,ddunkerleykc@pcworld.com
Kaleena,Gibbings,kgibbingskd@marriott.com
Amos,Minette,aminetteke@harvard.edu
Jodie,Loughhead,jloughheadkf@yolasite.com
Dilan,Hanniger,dhannigerkg@yale.edu
Rosanne,Andrysiak,randrysiakkh@forbes.com
Katheryn,Mayou,kmayouki@independent.co.uk
Alick,Eddolls,aeddollskj@newsvine.com
Jacinthe,Thinn,jthinnkk@aboutads.info
Lindsey,Danis,ldaniskl@scientificamerican.com
Rhett,Yeudall,ryeudallkm@google.com.br
Clari,Brandino,cbrandinokn@mail.ru
Salomon,Dimelow,sdimelowko@mapy.cz
Ilise,Pitts,ipittskp@symantec.com
Vivie,Fundell,vfundellkq@marketwatch.com
Nev,Jewer,njewerkr@ed.gov
Maxim,Veness,mvenessks@php.net
Heidi,Doumerque,hdoumerquekt@behance.net
Karlee,Appleby,kapplebyku@tinyurl.com
Cate,Kohlert,ckohlertkv@wufoo.com
Ethelyn,McKay,emckaykw@wp.com
Tawsha,Vardie,tvardiekx@cisco.com
Gayla,Drysdale,gdrysdaleky@ning.com
Debbi,Trinbey,dtrinbeykz@typepad.com
Marne,Ianson,miansonl0@nydailynews.com
Gan,Eastwood,geastwoodl1@1und1.de
Devi,Bentsen,dbentsenl2@jalbum.net
Norma,While,nwhilel3@si.edu
Matilde,Nafzger,mnafzgerl4@dailymail.co.uk
Maggy,Rau,mraul5@sogou.com
Aprilette,Bewsy,abewsyl6@linkedin.com
Elfreda,Taylo,etaylol7@uiuc.edu
Solly,Capenor,scapenorl8@who.int
Lorrayne,Grasha,lgrashal9@wordpress.com
Sholom,Crosswaite,scrosswaitela@hao123.com
Dyan,Strawbridge,dstrawbridgelb@engadget.com
Ches,Molesworth,cmolesworthlc@toplist.cz
Ali,Watchorn,awatchornld@cyberchimps.com
Arri,Dodimead,adodimeadle@mtv.com
Robert,Pearce,rpearcelf@livejournal.com
Reynard,Wike,rwikelg@squarespace.com
Shantee,Abbets,sabbetslh@fema.gov
Hill,Tuttiett,htuttiettli@aboutads.info
Fae,Crosgrove,fcrosgrovelj@devhub.com
Christean,Brise,cbriselk@goo.gl
Nicolette,Rontsch,nrontschll@dropbox.com
Pen,Cobon,pcobonlm@xrea.com
Lonna,Weepers,lweepersln@tmall.com
Orella,Thrush,othrushlo@ucoz.com
Aubrie,Blazy,ablazylp@craigslist.org
Payton,Eckery,peckerylq@dagondesign.com
Violetta,Rosengren,vrosengrenlr@wordpress.org
Louie,Langfat,llangfatls@1und1.de
Auroora,Fermin,aferminlt@independent.co.uk
Wilie,Keigher,wkeigherlu@newyorker.com
Perkin,Jeratt,pjerattlv@cbsnews.com
Marianna,Leckey,mleckeylw@infoseek.co.jp
Olimpia,Goodee,ogoodeelx@mac.com
Norine,Hyder,nhyderly@ameblo.jp
Murdoch,Segar,msegarlz@ucla.edu
Donna,Klazenga,dklazengam0@dell.com
Nikki,Gerok,ngerokm1@techcrunch.com
Hartwell,Richardes,hrichardesm2@biglobe.ne.jp
Stanwood,Kilcullen,skilcullenm3@cnbc.com
Talia,Gingell,tgingellm4@g.co
Susanne,Fortescue,sfortescuem5@artisteer.com
Devin,Streets,dstreetsm6@i2i.jp
Corbett,Serot,cserotm7@dailymail.co.uk
Noell,Svanini,nsvaninim8@google.it
Clarey,Manjot,cmanjotm9@reuters.com
Jacquenette,Moohan,jmoohanma@dailymotion.com
Woodrow,Geerits,wgeeritsmb@ucla.edu
Germana,Ingrem,gingremmc@cafepress.com
Gerhardt,Druett,gdruettmd@pcworld.com
Maritsa,Haskew,mhaskewme@woothemes.com
Cyb,Malby,cmalbymf@pinterest.com
Helenelizabeth,Probbings,hprobbingsmg@google.de
Etan,Moorhead,emoorheadmh@cornell.edu
Christiano,Jodkowski,cjodkowskimi@123-reg.co.uk
Aarika,Pales,apalesmj@nbcnews.com
Kayne,Danielsky,kdanielskymk@creativecommons.org
Carlen,Penright,cpenrightml@shutterfly.com
Joly,Sheircliffe,jsheircliffemm@webs.com
Bella,Kibbee,bkibbeemn@howstuffworks.com
Harold,Bergen,hbergenmo@omniture.com
Mace,Kinghorne,mkinghornemp@goo.ne.jp
Emilee,Chisholm,echisholmmq@miibeian.gov.cn
Daryl,Phateplace,dphateplacemr@cargocollective.com
Engelbert,Jirusek,ejirusekms@prnewswire.com
Tarah,Vanichev,tvanichevmt@discovery.com
Cassi,Crowche,ccrowchemu@reverbnation.com
Lanette,Borgesio,lborgesiomv@timesonline.co.uk
Trstram,Tesimon,ttesimonmw@topsy.com
Ali,O'Regan,aoreganmx@intel.com
Joye,Margaritelli,jmargaritellimy@ehow.com
Ursula,Pinckney,upinckneymz@woothemes.com
Domingo,MacRanald,dmacranaldn0@clickbank.net
Ansell,Mesant,amesantn1@google.com.br
Terry,Besnard,tbesnardn2@cdc.gov
Eduardo,Darinton,edarintonn3@tripadvisor.com
Karen,Rooze,kroozen4@springer.com
Lazaro,Larciere,llarcieren5@comcast.net
Johannah,Dyka,jdykan6@sogou.com
Taber,Sperling,tsperlingn7@istockphoto.com
Ingaberg,Bartkiewicz,ibartkiewiczn8@topsy.com
Bing,Duester,bduestern9@noaa.gov
Helen-elizabeth,Garber,hgarberna@mozilla.org
Fredelia,Gosswell,fgosswellnb@bluehost.com
Gusella,Spaughton,gspaughtonnc@booking.com
Karolina,Ubsdell,kubsdellnd@histats.com
Kellia,Ricardot,kricardotne@flavors.me
Jobyna,Jorden,jjordennf@163.com
Andromache,Ragg,araggng@squidoo.com
Dilly,Akast,dakastnh@army.mil
Cassy,Wilne,cwilneni@chronoengine.com
Carver,Fernehough,cfernehoughnj@utexas.edu
Odelle,Gatrill,ogatrillnk@tmall.com
Emmalynn,Kennealy,ekennealynl@virginia.edu
Dilly,Reynoldson,dreynoldsonnm@wufoo.com
Selie,Tweddell,stweddellnn@livejournal.com
Abigael,Campbell-Dunlop,acampbelldunlopno@topsy.com
Adda,Fetherstone,afetherstonenp@foxnews.com
Edwin,Bastow,ebastownq@sourceforge.net
Tabitha,Shadrach,tshadrachnr@pbs.org
Lowell,MacCallum,lmaccallumns@dedecms.com
Brand,Hughf,bhughfnt@netscape.com
Jay,Vaun,jvaunnu@columbia.edu
Durante,Boobier,dboobiernv@vimeo.com
Goddard,Cropton,gcroptonnw@apache.org
Margarethe,Benez,mbeneznx@meetup.com
Wylma,Rolinson,wrolinsonny@hc360.com
Koenraad,Sego,ksegonz@qq.com
Brigitte,McIlwrath,bmcilwratho0@home.pl
Hulda,Westfalen,hwestfaleno1@sfgate.com
Freddy,Cheley,fcheleyo2@etsy.com
Emalia,Hesser,ehessero3@omniture.com
Maryl,Keeping,mkeepingo4@webeden.co.uk
Joela,Pumphreys,jpumphreyso5@ucoz.ru
Eba,Boutell,eboutello6@whitehouse.gov
Hildagard,O'Rourke,horourkeo7@ox.ac.uk
Garrick,Betteney,gbetteneyo8@washington.edu
Marilee,Stembridge,mstembridgeo9@hc360.com
John,Ferrelli,jferrellioa@admin.ch
Tonye,Folliott,tfolliottob@edublogs.org
Kennie,Brabben,kbrabbenoc@ed.gov
Milly,d' Eye,mdeyeod@gov.uk
Nap,Giacovelli,ngiacovellioe@nature.com
Christel,Stillwell,cstillwellof@bloglovin.com
Lissy,Carlone,lcarloneog@exblog.jp
Spike,Hanse,shanseoh@1und1.de
Maurie,Hasnney,mhasnneyoi@comcast.net
Theodor,Andrelli,tandrellioj@mlb.com
Jedediah,Gingle,jgingleok@cpanel.net
Ernestine,Spearman,espearmanol@bbb.org
Marsiella,Frosch,mfroschom@51.la
Rois,Guilliatt,rguilliatton@miibeian.gov.cn
Melina,Loffel,mloffeloo@merriam-webster.com
Sancho,McCrostie,smccrostieop@indiatimes.com
Nevin,Ailmer,nailmeroq@reddit.com
Sharia,Pottes,spottesor@tuttocitta.it
Velvet,Baynon,vbaynonos@nydailynews.com
Cyrillus,Shallo,cshalloot@dot.gov
Alfonse,Gonoude,agonoudeou@fotki.com
Ronald,Spellman,rspellmanov@geocities.com
Trstram,Fishbourne,tfishbourneow@simplemachines.org
Fay,Vivers,fviversox@gizmodo.com
Clemmie,D'Arrigo,cdarrigooy@dion.ne.jp
Alon,Gillion,agillionoz@phoca.cz
Jenilee,Baccas,jbaccasp0@instagram.com
Pearle,Aleksahkin,paleksahkinp1@geocities.jp
Jed,Betje,jbetjep2@nature.com
Fay,Vasyatkin,fvasyatkinp3@who.int
Pietra,Mawne,pmawnep4@weibo.com
Ellene,Mapham,emaphamp5@imgur.com
Keri,McOrkill,kmcorkillp6@amazon.co.uk
Natalee,Fearnley,nfearnleyp7@psu.edu
Thelma,Pauncefort,tpauncefortp8@wired.com
Vic,Tomlinson,vtomlinsonp9@usgs.gov
Gilles,Gilyott,ggilyottpa@nymag.com
Shepard,Druce,sdrucepb@geocities.com
Frederigo,Rampley,frampleypc@eepurl.com
Arnold,Prendeguest,aprendeguestpd@gravatar.com
Rene,Binne,rbinnepe@statcounter.com
Madalena,Pendre,mpendrepf@printfriendly.com
Dionis,Thompson,dthompsonpg@usa.gov
Arleyne,Romero,aromeroph@biglobe.ne.jp
Matti,Folomkin,mfolomkinpi@ustream.tv
Clarie,Kantor,ckantorpj@bbc.co.uk
Elfrieda,FitzAlan,efitzalanpk@java.com
Star,Blazeby,sblazebypl@pbs.org
Amity,Fishbourn,afishbournpm@prlog.org
Burlie,Reucastle,breucastlepn@economist.com
Luciana,Botton,lbottonpo@kickstarter.com
Leta,Jeff,ljeffpp@imdb.com
Madge,Perillio,mperilliopq@oakley.com
Danella,Reschke,dreschkepr@godaddy.com
Rafaela,Landells,rlandellsps@163.com
Neile,Cockrell,ncockrellpt@wordpress.com
Elfrida,Cobleigh,ecobleighpu@wikia.com
Debby,Devote,ddevotepv@webs.com
Hildegarde,Driutti,hdriuttipw@acquirethisname.com
Steffen,Shippard,sshippardpx@netvibes.com
Leyla,Lantiffe,llantiffepy@irs.gov
Dorey,Seebert,dseebertpz@wsj.com
Ermengarde,Stedson,estedsonq0@rediff.com
Dniren,Jefford,djeffordq1@skype.com
Karissa,Adamsky,kadamskyq2@nydailynews.com
Wynny,Hunnybun,whunnybunq3@google.de
Lyn,Pamplin,lpamplinq4@zimbio.com
Delora,Rennenbach,drennenbachq5@thetimes.co.uk
Thorpe,Raftery,trafteryq6@reference.com
Abel,Durtnel,adurtnelq7@hc360.com
Lisa,Chamney,lchamneyq8@jalbum.net
Eziechiele,Kringe,ekringeq9@yale.edu
Kalvin,Lutty,kluttyqa@digg.com
Mose,Vergine,mvergineqb@angelfire.com
Stafani,Pardon,spardonqc@google.co.uk
Brien,Slaten,bslatenqd@nba.com
Cele,Murcutt,cmurcuttqe@businessinsider.com
Gusella,Pummery,gpummeryqf@time.com
Lannie,Hassent,lhassentqg@dedecms.com
Lemmie,Shambrook,lshambrookqh@technorati.com
Nevin,Langstone,nlangstoneqi@abc.net.au
Falkner,Hinckes,fhinckesqj@sakura.ne.jp
Keith,Roomes,kroomesqk@pinterest.com
Gerianna,Tweedle,gtweedleql@indiegogo.com
Morgen,Pietranek,mpietranekqm@squarespace.com
Ashil,Grigor,agrigorqn@tuttocitta.it
Cynthea,Fleeming,cfleemingqo@oakley.com
Danya,Lowles,dlowlesqp@npr.org
Alena,Dufore,aduforeqq@tiny.cc
Kellina,Sandyfirth,ksandyfirthqr@about.me
Barny,Paget,bpagetqs@4shared.com
Maud,Leyburn,mleyburnqt@yandex.ru
Silvanus,Perrigo,sperrigoqu@theguardian.com
Teriann,Lilywhite,tlilywhiteqv@amazon.de
Reynolds,Spencer,rspencerqw@xinhuanet.com
Skip,Richt,srichtqx@bandcamp.com
Marilin,Sanbroke,msanbrokeqy@meetup.com
Faina,Bargh,fbarghqz@examiner.com
Josefa,De la Eglise,jdelaegliser0@icq.com
Micaela,Purcell,mpurcellr1@microsoft.com
Valle,Molson,vmolsonr2@huffingtonpost.com
Fleming,Donlon,fdonlonr3@phpbb.com
Laurette,Ovise,loviser4@last.fm
Leo,Carrabott,lcarrabottr5@jigsy.com
Johnette,Bawle,jbawler6@army.mil
Loleta,Tabourin,ltabourinr7@ycombinator.com
Fleming,Walkinshaw,fwalkinshawr8@dropbox.com
Earlie,Neeson,eneesonr9@fotki.com
Lane,Rubertis,lrubertisra@wp.com
Mufinella,Gorcke,mgorckerb@japanpost.jp
Sabrina,Zeale,szealerc@php.net
Kasey,Saunt,ksauntrd@prlog.org
Cecilius,Partleton,cpartletonre@creativecommons.org
Janey,Troth,jtrothrf@friendfeed.com
Milka,Hirtz,mhirtzrg@java.com
Oliviero,Hobbing,ohobbingrh@hhs.gov
Ottilie,Tschierse,otschierseri@angelfire.com
Isabel,Eaglen,ieaglenrj@usgs.gov
Roarke,Kliner,rklinerrk@xrea.com
Hanan,Ellerington,helleringtonrl@earthlink.net
Alia,Kirkam,akirkamrm@google.de
Jock,Iglesia,jiglesiarn@goo.ne.jp
Carl,Chaim,cchaimro@bloglines.com
Berte,Jannings,bjanningsrp@virginia.edu
Wynn,Sollam,wsollamrq@gravatar.com
Eustacia,Girauld,egirauldrr@wix.com